Workbook
Name _09_09_16_0_05: #REF!
Name _09_09_16_0_05: 'FIG.4. INSU (DATA)'!$A$255
Name a_1: #REF!
Name a_1: #REF!
Name a_2: #REF!
Name a_2: #REF!
Name a_3: #REF!
Name a_3: #REF!
Name a_4: #REF!
Name a_4: #REF!
Name a_5: #REF!
Name a_5: #REF!
Name h: #REF!
Name h: #REF!
Name inc: #REF!
Name inc: #REF!
Name Ta: #REF!
Name Ta: #REF!
Name X: #REF!

Sheet FIG.4. INSU (DATA)
A1: DATE | C1: OUTDOOR | D1: CONTROL CELL | E1: WATER | F1: INDOOR
A2: 08/31/16 03:00:00 AM | B2: 0.125 | C2: 20.007 | D2: 22.058 | E2: 19.41 | F2: 21.336
A3: 08/31/16 03:05:00 AM | C3: 19.984 | D3: 22.011 | E3: 19.393 | F3: 21.37
A4: 08/31/16 03:10:00 AM | C4: 19.96 | D4: 21.987 | E4: 19.383 | F4: 21.328
A5: 08/31/16 03:15:00 AM | C5: 19.888 | D5: 21.939 | E5: 19.369 | F5: 21.264
A6: 08/31/16 03:20:00 AM | C6: 19.841 | D6: 21.867 | E6: 19.358 | F6: 21.264
A7: 08/31/16 03:25:00 AM | C7: 19.817 | D7: 21.843 | E7: 19.344 | F7: 21.239
A8: 08/31/16 03:30:00 AM | C8: 19.793 | D8: 21.772 | E8: 19.335 | F8: 21.221
A9: 08/31/16 03:35:00 AM | C9: 19.77 | D9: 21.748 | E9: 19.319 | F9: 21.252
A10: 08/31/16 03:40:00 AM | C10: 19.722 | D10: 21.7 | E10: 19.31 | F10: 21.172
A11: 08/31/16 03:45:00 AM | C11: 19.651 | D11: 21.652 | E11: 19.303 | F11: 21.12
A12: 08/31/16 03:50:00 AM | C12: 19.603 | D12: 21.604 | E12: 19.286 | F12: 21.091
A13: 08/31/16 03:55:00 AM | C13: 19.603 | D13: 21.557 | E13: 19.276 | F13: 21.082
A14: 08/31/16 04:00:00 AM | C14: 19.579 | D14: 21.509 | E14: 19.264 | F14: 21.023
... A25: 08/31/16 04:55:00 AM | C25: 19.056 | D25: 21.032 | E25: 19.132 | F25: 20.6
A26: 08/31/16 05:00:00 AM | B26: 0.20833333 | C26: 19.032 | D26: 20.984 | E26: 19.114 | F26: 20.589
A27: 08/31/16 05:05:00 AM | C27: 19.032 | D27: 20.96 | E27: 19.099 | F27: 20.604
A28: 08/31/16 05:10:00 AM | C28: 19.032 | D28: 20.936 | E28: 19.089 | F28: 20.537
A29: 08/31/16 05:15:00 AM | C29: 19.008 | D29: 20.913 | E29: 19.074 | F29: 20.565
A30: 08/31/16 05:20:00 AM | C30: 18.961 | D30: 20.865 | E30: 19.062 | F30: 20.496
A31: 08/31/16 05:25:00 AM | C31: 18.889 | D31: 20.817 | E31: 19.05 | F31: 20.443
A32: 08/31/16 05:30:00 AM | C32: 18.818 | D32: 20.77 | E32: 19.036 | F32: 20.399
A33: 08/31/16 05:35:00 AM | C33: 18.771 | D33: 20.746 | E33: 19.02 | F33: 20.399
A34: 08/31/16 05:40:00 AM | C34: 18.747 | D34: 20.698 | E34: 19.005 | F34: 20.344
A35: 08/31/16 05:45:00 AM | C35: 18.771 | D35: 20.674 | E35: 18.996 | F35: 20.365
A36: 08/31/16 05:50:00 AM | C36: 18.794 | D36: 20.65 | E36: 18.982 | F36: 20.376
A37: 08/31/16 05:55:00 AM | C37: 18.747 | D37: 20.627 | E37: 18.968 | F37: 20.271
A38: 08/31/16 06:00:00 AM | C38: 18.699 | D38: 20.579 | E38: 18.956 | F38: 20.232
... A49: 08/31/16 06:55:00 AM | C49: 18.39 | D49: 20.889 | E49: 18.845 | F49: 20.914
A50: 08/31/16 07:00:00 AM | B50: 0.29166667 | C50: 18.414 | D50: 20.936 | E50: 18.84 | F50: 20.942
A51: 08/31/16 07:05:00 AM | C51: 18.461 | D51: 20.96 | E51: 18.837 | F51: 20.971
A52: 08/31/16 07:10:00 AM | C52: 18.58 | D52: 21.008 | E52: 18.834 | F52: 20.996
A53: 08/31/16 07:15:00 AM | C53: 18.675 | D53: 21.032 | E53: 18.828 | F53: 21.027
A54: 08/31/16 07:20:00 AM | C54: 18.794 | D54: 21.079 | E54: 18.825 | F54: 21.06
A55: 08/31/16 07:25:00 AM | C55: 18.985 | D55: 21.103 | E55: 18.822 | F55: 21.087
A56: 08/31/16 07:30:00 AM | C56: 19.127 | D56: 21.127 | E56: 18.822 | F56: 21.112
A57: 08/31/16 07:35:00 AM | C57: 19.508 | D57: 21.175 | E57: 18.82 | F57: 21.141
A58: 08/31/16 07:40:00 AM | C58: 19.674 | D58: 21.223 | E58: 18.821 | F58: 21.172
A59: 08/31/16 07:45:00 AM | C59: 19.865 | D59: 21.246 | E59: 18.822 | F59: 21.205
A60: 08/31/16 07:50:00 AM | C60: 20.079 | D60: 21.294 | E60: 18.824 | F60: 21.24
A61: 08/31/16 07:55:00 AM | C61: 20.293 | D61: 21.318 | E61: 18.827 | F61: 21.287
A62: 08/31/16 08:00:00 AM | C62: 20.65 | D62: 21.366 | E62: 18.828 | F62: 21.336
... A73: 08/31/16 08:55:00 AM | C73: 23.833 | D73: 21.891 | E73: 18.968 | F73: 21.985
A74: 08/31/16 09:00:00 AM | B74: 0.375 | C74: 24.171 | D74: 21.987 | E74: 18.995 | F74: 22.067
A75: 08/31/16 09:05:00 AM | C75: 24.532 | D75: 22.034 | E75: 19.01 | F75: 22.121
A76: 08/31/16 09:10:00 AM | C76: 24.944 | D76: 22.106 | E76: 19.028 | F76: 22.214
A77: 08/31/16 09:15:00 AM | C77: 25.428 | D77: 22.178 | E77: 19.047 | F77: 22.308
A78: 08/31/16 09:20:00 AM | C78: 25.768 | D78: 22.274 | E78: 19.06 | F78: 22.396
A79: 08/31/16 09:25:00 AM | C79: 26.182 | D79: 22.345 | E79: 19.072 | F79: 22.474
A80: 08/31/16 09:30:00 AM | C80: 26.646 | D80: 22.417 | E80: 19.081 | F80: 22.577
A81: 08/31/16 09:35:00 AM | C81: 27.014 | D81: 22.513 | E81: 19.087 | F81: 22.681
A82: 08/31/16 09:40:00 AM | C82: 27.407 | D82: 22.633 | E82: 19.09 | F82: 22.806
A83: 08/31/16 09:45:00 AM | C83: 27.677 | D83: 22.729 | E83: 19.097 | F83: 22.949
A84: 08/31/16 09:50:00 AM | C84: 27.85 | D84: 22.848 | E84: 19.111 | F84: 23.067
A85: 08/31/16 09:55:00 AM | C85: 27.998 | D85: 22.968 | E85: 19.114 | F85: 23.169
A86: 08/31/16 10:00:00 AM | C86: 28.072 | D86: 23.088 | E86: 19.133 | F86: 23.289
... A97: 08/31/16 10:55:00 AM | C97: 30.798 | D97: 24.315 | E97: 19.256 | F97: 24.511
A98: 08/31/16 11:00:00 AM | B98: 0.45833333 | C98: 31.001 | D98: 24.436 | E98: 19.233 | F98: 24.602
A99: 08/31/16 11:05:00 AM | C99: 31.281 | D99: 24.557 | E99: 19.256 | F99: 24.7
A100: 08/31/16 11:10:00 AM | C100: 31.637 | D100: 24.653 | E100: 19.248 | F100: 24.806
A101: 08/31/16 11:15:00 AM | C101: 31.459 | D101: 24.774 | E101: 19.285 | F101: 24.909
A102: 08/31/16 11:20:00 AM | C102: 31.714 | D102: 24.871 | E102: 19.264 | F102: 24.993
A103: 08/31/16 11:25:00 AM | C103: 32.047 | D103: 24.992 | E103: 19.291 | F103: 25.102
A104: 08/31/16 11:30:00 AM | C104: 32.717 | D104: 25.113 | E104: 19.32 | F104: 25.205
A105: 08/31/16 11:35:00 AM | C105: 33.391 | D105: 25.234 | E105: 19.325 | F105: 25.304
A106: 08/31/16 11:40:00 AM | C106: 33.417 | D106: 25.331 | E106: 19.316 | F106: 25.436
A107: 08/31/16 11:45:00 AM | C107: 33.757 | D107: 25.428 | E107: 19.344 | F107: 25.545
A108: 08/31/16 11:50:00 AM | C108: 34.124 | D108: 25.55 | E108: 19.337 | F108: 25.645
A109: 08/31/16 11:55:00 AM | C109: 33.783 | D109: 25.671 | E109: 19.368 | F109: 25.744
A110: 08/31/16 12:00:00 PM | C110: 33.94 | D110: 25.768 | E110: 19.387 | F110: 25.844
... A121: 08/31/16 12:55:00 PM | C121: 38.84 | D121: 27.014 | E121: 19.52 | F121: 26.999
A122: 08/31/16 01:00:00 PM | B122: 0.54166667 | C122: 39.403 | D122: 27.136 | E122: 19.533 | F122: 27.109
A123: 08/31/16 01:05:00 PM | C123: 39.601 | D123: 27.259 | E123: 19.56 | F123: 27.238
A124: 08/31/16 01:10:00 PM | C124: 38.84 | D124: 27.407 | E124: 19.555 | F124: 27.359
A125: 08/31/16 01:15:00 PM | C125: 39.46 | D125: 27.53 | E125: 19.557 | F125: 27.437
A126: 08/31/16 01:20:00 PM | C126: 40.057 | D126: 27.653 | E126: 19.587 | F126: 27.534
A127: 08/31/16 01:25:00 PM | C127: 40.631 | D127: 27.776 | E127: 19.621 | F127: 27.639
A128: 08/31/16 01:30:00 PM | C128: 39.686 | D128: 27.875 | E128: 19.637 | F128: 27.753
A129: 08/31/16 01:35:00 PM | C129: 39.431 | D129: 27.998 | E129: 19.639 | F129: 27.847
A130: 08/31/16 01:40:00 PM | C130: 38.588 | D130: 28.147 | E130: 19.652 | F130: 27.916
A131: 08/31/16 01:45:00 PM | C131: 38.672 | D131: 28.27 | E131: 19.692 | F131: 27.977
A132: 08/31/16 01:50:00 PM | C132: 38.198 | D132: 28.369 | E132: 19.734 | F132: 28.025
A133: 08/31/16 01:55:00 PM | C133: 37.59 | D133: 28.468 | E133: 19.704 | F133: 28.06
A134: 08/31/16 02:00:00 PM | C134: 37.949 | D134: 28.568 | E134: 19.716 | F134: 28.1
... A145: 08/31/16 02:55:00 PM | C145: 39.149 | D145: 29.565 | E145: 19.911 | F145: 28.562
A146: 08/31/16 03:00:00 PM | B146: 0.625 | C146: 39.318 | D146: 29.665 | E146: 19.948 | F146: 28.571
A147: 08/31/16 03:05:00 PM | C147: 37.976 | D147: 29.74 | E147: 19.927 | F147: 28.597
A148: 08/31/16 03:10:00 PM | C148: 39.093 | D148: 29.84 | E148: 19.991 | F148: 28.608
A149: 08/31/16 03:15:00 PM | C149: 39.234 | D149: 29.89 | E149: 19.97 | F149: 28.574
A150: 08/31/16 03:20:00 PM | C150: 39.658 | D150: 29.966 | E150: 19.984 | F150: 28.583
A151: 08/31/16 03:25:00 PM | C151: 39.829 | D151: 30.041 | E151: 20.028 | F151: 28.591
A152: 08/31/16 03:30:00 PM | C152: 39.46 | D152: 30.091 | E152: 20.043 | F152: 28.566
A153: 08/31/16 03:35:00 PM | C153: 38.924 | D153: 30.192 | E153: 20.076 | F153: 28.558
A154: 08/31/16 03:40:00 PM | C154: 38.784 | D154: 30.243 | E154: 20.071 | F154: 28.534
A155: 08/31/16 03:45:00 PM | C155: 38.896 | D155: 30.293 | E155: 20.046 | F155: 28.523
A156: 08/31/16 03:50:00 PM | C156: 39.205 | D156: 30.343 | E156: 20.074 | F156: 28.496
A157: 08/31/16 03:55:00 PM | C157: 38.337 | D157: 30.419 | E157: 20.098 | F157: 28.506
A158: 08/31/16 04:00:00 PM | C158: 38.449 | D158: 30.469 | E158: 20.131 | F158: 28.479
... A169: 08/31/16 04:55:00 PM | C169: 37.7 | D169: 30.849 | E169: 20.284 | F169: 28.015
A170: 08/31/16 05:00:00 PM | B170: 0.70833333 | C170: 37.976 | D170: 30.874 | E170: 20.293 | F170: 27.943
...

Sheet FIG.5. INSU+WAHE (DATA)
A1: DATE | C1: WATER | D1: OUTDOOR | E1: CONTROL CELL | F1: INDOOR | G1: POND OUTLET
A2: 08/22/16 03:00:00 AM | B2: 0.125 | C2: 20.138 | D2: 17.011 | E2: 19.888 | F2: 20.774 | G2: 20.491
A3: 08/22/16 03:05:00 AM | C3: 20.138 | D3: 17.296 | E3: 19.841 | F3: 20.714 | G3: 20.43
A4: 08/22/16 03:10:00 AM | C4: 20.043 | D4: 17.368 | E4: 19.793 | F4: 20.667 | G4: 20.375
A5: 08/22/16 03:15:00 AM | C5: 20.043 | D5: 17.391 | E5: 19.793 | F5: 20.619 | G5: 20.321
A6: 08/22/16 03:20:00 AM | C6: 19.948 | D6: 17.272 | E6: 19.77 | F6: 20.574 | G6: 20.273
A7: 08/22/16 03:25:00 AM | C7: 19.948 | D7: 17.32 | E7: 19.746 | F7: 20.532 | G7: 20.224
A8: 08/22/16 03:30:00 AM | C8: 19.853 | D8: 17.177 | E8: 19.722 | F8: 20.486 | G8: 20.176
A9: 08/22/16 03:35:00 AM | C9: 19.853 | D9: 16.963 | E9: 19.698 | F9: 20.439 | G9: 20.123
A10: 08/22/16 03:40:00 AM | C10: 19.758 | D10: 16.939 | E10: 19.651 | F10: 20.385 | G10: 20.076
A11: 08/22/16 03:45:00 AM | C11: 19.758 | D11: 16.844 | E11: 19.603 | F11: 20.338 | G11: 20.03
A12: 08/22/16 03:50:00 AM | C12: 19.662 | D12: 16.844 | E12: 19.555 | F12: 20.288 | G12: 19.986
A13: 08/22/16 03:55:00 AM | C13: 19.662 | D13: 16.749 | E13: 19.508 | F13: 20.237 | G13: 19.933
A14: 08/22/16 04:00:00 AM | C14: 19.567 | D14: 16.63 | E14: 19.484 | F14: 20.199 | G14: 19.889
... A25: 08/22/16 04:55:00 AM | C25: 19.187 | D25: 16.415 | E25: 19.032 | F25: 19.703 | G25: 19.4
A26: 08/22/16 05:00:00 AM | B26: 0.20833333 | C26: 19.092 | D26: 16.487 | E26: 18.985 | F26: 19.661 | G26: 19.359
A27: 08/22/16 05:05:00 AM | C27: 19.092 | D27: 16.487 | E27: 18.961 | F27: 19.612 | G27: 19.315
A28: 08/22/16 05:10:00 AM | C28: 18.996 | D28: 16.511 | E28: 18.937 | F28: 19.57 | G28: 19.274
A29: 08/22/16 05:15:00 AM | C29: 18.996 | D29: 16.32 | E29: 18.889 | F29: 19.53 | G29: 19.231
A30: 08/22/16 05:20:00 AM | C30: 18.901 | D30: 16.177 | E30: 18.842 | F30: 19.49 | G30: 19.189
A31: 08/22/16 05:25:00 AM | C31: 18.901 | D31: 16.106 | E31: 18.794 | F31: 19.445 | G31: 19.15
A32: 08/22/16 05:30:00 AM | C32: 18.806 | D32: 16.201 | E32: 18.771 | F32: 19.402 | G32: 19.109
A33: 08/22/16 05:35:00 AM | C33: 18.806 | D33: 16.296 | E33: 18.747 | F33: 19.354 | G33: 19.065
A34: 08/22/16 05:40:00 AM | C34: 18.806 | D34: 16.296 | E34: 18.699 | F34: 19.314 | G34: 19.021
A35: 08/22/16 05:45:00 AM | C35: 18.711 | D35: 16.272 | E35: 18.675 | F35: 19.273 | G35: 18.981
A36: 08/22/16 05:50:00 AM | C36: 18.711 | D36: 16.415 | E36: 18.652 | F36: 19.229 | G36: 18.946
A37: 08/22/16 05:55:00 AM | C37: 18.711 | D37: 16.32 | E37: 18.604 | F37: 19.19 | G37: 18.908
A38: 08/22/16 06:00:00 AM | C38: 18.616 | D38: 16.177 | E38: 18.604 | F38: 19.148 | G38: 18.869
... A49: 08/22/16 06:55:00 AM | C49: 18.331 | D49: 16.725 | E49: 18.343 | F49: 18.762 | G49: 18.496
A50: 08/22/16 07:00:00 AM | B50: 0.29166667 | C50: 18.331 | D50: 17.034 | E50: 18.366 | F50: 18.742 | G50: 18.472
A51: 08/22/16 07:05:00 AM | C51: 18.236 | D51: 17.13 | E51: 18.39 | F51: 18.715 | G51: 18.442
A52: 08/22/16 07:10:00 AM | C52: 18.236 | D52: 17.32 | E52: 18.414 | F52: 18.698 | G52: 18.417
A53: 08/22/16 07:15:00 AM | C53: 18.236 | D53: 17.605 | E53: 18.461 | F53: 18.685 | G53: 18.402
A54: 08/22/16 07:20:00 AM | C54: 18.236 | D54: 17.962 | E54: 18.509 | F54: 18.673 | G54: 18.378
A55: 08/22/16 07:25:00 AM | C55: 18.236 | D55: 18.438 | E55: 18.58 | F55: 18.664 | G55: 18.372
A56: 08/22/16 07:30:00 AM | C56: 18.236 | D56: 18.985 | E56: 18.675 | F56: 18.664 | G56: 18.364
A57: 08/22/16 07:35:00 AM | C57: 18.236 | D57: 19.746 | E57: 18.747 | F57: 18.667 | G57: 18.356
A58: 08/22/16 07:40:00 AM | C58: 18.236 | D58: 20.77 | E58: 18.842 | F58: 18.67 | G58: 18.356
A59: 08/22/16 07:45:00 AM | C59: 18.236 | D59: 21.509 | E59: 18.913 | F59: 18.684 | G59: 18.356
A60: 08/22/16 07:50:00 AM | C60: 18.236 | D60: 21.437 | E60: 18.961 | F60: 18.694 | G60: 18.355
A61: 08/22/16 07:55:00 AM | C61: 18.236 | D61: 21.891 | E61: 19.032 | F61: 18.709 | G61: 18.356
A62: 08/22/16 08:00:00 AM | C62: 18.236 | D62: 22.082 | E62: 19.08 | F62: 18.739 | G62: 18.366
... A73: 08/22/16 08:55:00 AM | C73: 18.331 | D73: 23.761 | E73: 19.77 | F73: 19.209 | G73: 18.624
A74: 08/22/16 09:00:00 AM | B74: 0.375 | C74: 18.331 | D74: 23.785 | E74: 19.865 | F74: 19.276 | G74: 18.655
A75: 08/22/16 09:05:00 AM | C75: 18.331 | D75: 24.05 | E75: 19.936 | F75: 19.339 | G75: 18.691
A76: 08/22/16 09:10:00 AM | C76: 18.331 | D76: 24.677 | E76: 20.031 | F76: 19.39 | G76: 18.722
A77: 08/22/16 09:15:00 AM | C77: 18.331 | D77: 24.315 | E77: 20.103 | F77: 19.448 | G77: 18.755
A78: 08/22/16 09:20:00 AM | C78: 18.331 | D78: 25.186 | E78: 20.198 | F78: 19.527 | G78: 18.795
A79: 08/22/16 09:25:00 AM | C79: 18.331 | D79: 25.186 | E79: 20.269 | F79: 19.576 | G79: 18.83
A80: 08/22/16 09:30:00 AM | C80: 18.331 | D80: 25.647 | E80: 20.365 | F80: 19.648 | G80: 18.874
A81: 08/22/16 09:35:00 AM | C81: 18.426 | D81: 25.186 | E81: 20.46 | F81: 19.727 | G81: 18.915
A82: 08/22/16 09:40:00 AM | C82: 18.426 | D82: 29.815 | E82: 20.555 | F82: 19.785 | G82: 18.96
A83: 08/22/16 09:45:00 AM | C83: 18.426 | D83: 26.744 | E83: 20.65 | F83: 19.849 | G83: 19.004
A84: 08/22/16 09:50:00 AM | C84: 18.426 | D84: 26.207 | E84: 20.746 | F84: 19.934 | G84: 19.049
A85: 08/22/16 09:55:00 AM | C85: 18.426 | D85: 26.012 | E85: 20.841 | F85: 20.001 | G85: 19.088
A86: 08/22/16 10:00:00 AM | C86: 18.426 | D86: 26.158 | E86: 20.936 | F86: 20.07 | G86: 19.12
... A97: 08/22/16 10:55:00 AM | C97: 18.616 | D97: 28.916 | E97: 22.154 | F97: 20.849 | G97: 19.549
A98: 08/22/16 11:00:00 AM | B98: 0.45833333 | C98: 18.616 | D98: 29.365 | E98: 22.25 | F98: 20.917 | G98: 19.583
A99: 08/22/16 11:05:00 AM | C99: 18.616 | D99: 29.815 | E99: 22.369 | F99: 20.994 | G99: 19.628
A100: 08/22/16 11:10:00 AM | C100: 18.616 | D100: 28.692 | E100: 22.489 | F100: 21.071 | G100: 19.682
A101: 08/22/16 11:15:00 AM | C101: 18.616 | D101: 29.315 | E101: 22.585 | F101: 21.123 | G101: 19.717
A102: 08/22/16 11:20:00 AM | C102: 18.711 | D102: 30.571 | E102: 22.705 | F102: 21.2 | G102: 19.743
A103: 08/22/16 11:25:00 AM | C103: 18.711 | D103: 29.79 | E103: 22.824 | F103: 21.284 | G103: 19.793
A104: 08/22/16 11:30:00 AM | C104: 18.711 | D104: 30.142 | E104: 22.944 | F104: 21.351 | G104: 19.837
A105: 08/22/16 11:35:00 AM | C105: 18.711 | D105: 30.495 | E105: 23.04 | F105: 21.417 | G105: 19.88
A106: 08/22/16 11:40:00 AM | C106: 18.711 | D106: 30.041 | E106: 23.16 | F106: 21.495 | G106: 19.924
A107: 08/22/16 11:45:00 AM | C107: 18.711 | D107: 31.996 | E107: 23.28 | F107: 21.569 | G107: 19.959
A108: 08/22/16 11:50:00 AM | C108: 18.806 | D108: 33.861 | E108: 23.4 | F108: 21.656 | G108: 19.996
A109: 08/22/16 11:55:00 AM | C109: 18.806 | D109: 31.689 | E109: 23.521 | F109: 21.751 | G109: 20.054
A110: 08/22/16 12:00:00 PM | C110: 18.806 | D110: 32.381 | E110: 23.641 | F110: 21.835 | G110: 20.112
... A121: 08/22/16 12:55:00 PM | C121: 19.187 | D121: 33.783 | E121: 24.968 | F121: 22.651 | G121: 20.658
A122: 08/22/16 01:00:00 PM | B122: 0.54166667 | C122: 19.187 | D122: 33.678 | E122: 25.089 | F122: 22.729 | G122: 20.691
A123: 08/22/16 01:05:00 PM | C123: 19.187 | D123: 34.598 | E123: 25.21 | F123: 22.828 | G123: 20.751
A124: 08/22/16 01:10:00 PM | C124: 19.187 | D124: 33.678 | E124: 25.355 | F124: 22.905 | G124: 20.798
A125: 08/22/16 01:15:00 PM | C125: 19.187 | D125: 32.898 | E125: 25.477 | F125: 22.948 | G125: 20.845
A126: 08/22/16 01:20:00 PM | C126: 19.187 | D126: 33.469 | E126: 25.598 | F126: 23.018 | G126: 20.887
A127: 08/22/16 01:25:00 PM | C127: 19.187 | D127: 33.027 | E127: 25.695 | F127: 23.059 | G127: 20.915
A128: 08/22/16 01:30:00 PM | C128: 19.282 | D128: 33.001 | E128: 25.817 | F128: 23.094 | G128: 20.955
A129: 08/22/16 01:35:00 PM | C129: 19.282 | D129: 33.678 | E129: 25.939 | F129: 23.159 | G129: 20.994
A130: 08/22/16 01:40:00 PM | C130: 19.282 | D130: 33.704 | E130: 26.036 | F130: 23.192 | G130: 21.046
A131: 08/22/16 01:45:00 PM | C131: 19.282 | D131: 34.124 | E131: 26.134 | F131: 23.219 | G131: 21.064
A132: 08/22/16 01:50:00 PM | C132: 19.282 | D132: 33.417 | E132: 26.207 | F132: 23.272 | G132: 21.096
A133: 08/22/16 01:55:00 PM | C133: 19.377 | D133: 34.36 | E133: 26.304 | F133: 23.321 | G133: 21.144
A134: 08/22/16 02:00:00 PM | C134: 19.377 | D134: 34.863 | E134: 26.378 | F134: 23.362 | G134: 21.173
... A145: 08/22/16 02:55:00 PM | C145: 19.662 | D145: 34.229 | E145: 27.481 | F145: 23.727 | G145: 21.517
A146: 08/22/16 03:00:00 PM | B146: 0.625 | C146: 19.662 | D146: 34.73 | E146: 27.579 | F146: 23.719 | G146: 21.541
A147: 08/22/16 03:05:00 PM | C147: 19.758 | D147: 33.053 | E147: 27.653 | F147: 23.738 | G147: 21.58
A148: 08/22/16 03:10:00 PM | C148: 19.758 | D148: 33.809 | E148: 27.751 | F148: 23.707 | G148: 21.583
A149: 08/22/16 03:15:00 PM | C149: 19.758 | D149: 33.053 | E149: 27.85 | F149: 23.681 | G149: 21.57
A150: 08/22/16 03:20:00 PM | C150: 19.758 | D150: 33.417 | E150: 27.924 | F150: 23.672 | G150: 21.577
A151: 08/22/16 03:25:00 PM | C151: 19.853 | D151: 33.313 | E151: 27.998 | F151: 23.65 | G151: 21.579
A152: 08/22/16 03:30:00 PM | C152: 19.853 | D152: 33.183 | E152: 28.048 | F152: 23.651 | G152: 21.582
A153: 08/22/16 03:35:00 PM | C153: 19.853 | D153: 33.105 | E153: 28.097 | F153: 23.637 | G153: 21.597
A154: 08/22/16 03:40:00 PM | C154: 19.948 | D154: 34.045 | E154: 28.171 | F154: 23.58 | G154: 21.58
A155: 08/22/16 03:45:00 PM | C155: 19.948 | D155: 33.417 | E155: 28.196 | F155: 23.572 | G155: 21.591
A156: 08/22/16 03:50:00 PM | C156: 19.948 | D156: 33.183 | E156: 28.245 | F156: 23.536 | G156: 21.601
A157: 08/22/16 03:55:00 PM | C157: 20.043 | D157: 33.678 | E157: 28.295 | F157: 23.516 | G157: 21.6
A158: 08/22/16 04:00:00 PM | C158: 20.043 | D158: 32.898 | E158: 28.345 | F158: 23.495 | G158: 21.592
... A169: 08/22/16 04:55:00 PM | C169: 20.329 | D169: 31.74 | E169: 28.642 | F169: 23.134 | G169: 21.582
A170: 08/22/16 05:00:00 PM | B170: 0.70833333 | C170: 20.329 | D170: 32.021 | E170: 28.642 | F170: 23.109 | G170: 21.579
...

Sheet FIG.6. ALUM (DATA)
A1: DATE | C1: INDOOR | D1: WATER | E1: ALUM. INSIDE | F1: OUTDOOR | G1: CONTROL CELL
A2: 07/27/16 03:00:00 AM | B2: 0.125 | C2: 25.939 | D2: 26.83505 | E2: 21.011 | F2: 21.223 | G2: 23.20825
A3: 07/27/16 03:05:00 AM | C3: 25.939 | D3: 26.83505 | E3: 20.889 | F3: 21.199 | G3: 23.18509
A4: 07/27/16 03:10:00 AM | C4: 25.89 | D4: 26.73999 | E4: 20.823 | F4: 21.079 | G4: 23.13877
A5: 07/27/16 03:15:00 AM | C5: 25.841 | D5: 26.73999 | E5: 20.902 | F5: 21.032 | G5: 23.09245
A6: 07/27/16 03:20:00 AM | C6: 25.793 | D6: 26.73999 | E6: 20.842 | F6: 21.056 | G6: 23.045165
A7: 07/27/16 03:25:00 AM | C7: 25.768 | D7: 26.73999 | E7: 20.838 | F7: 21.151 | G7: 23.022005
A8: 07/27/16 03:30:00 AM | C8: 25.72 | D8: 26.64396 | E8: 20.764 | F8: 21.103 | G8: 22.975685
A9: 07/27/16 03:35:00 AM | C9: 25.695 | D9: 26.64396 | E9: 20.753 | F9: 21.127 | G9: 22.952525
A10: 07/27/16 03:40:00 AM | C10: 25.647 | D10: 26.64396 | E10: 20.673 | F10: 21.056 | G10: 22.906205
A11: 07/27/16 03:45:00 AM | C11: 25.598 | D11: 26.64396 | E11: 20.6 | F11: 20.936 | G11: 22.859885
A12: 07/27/16 03:50:00 AM | C12: 25.574 | D12: 26.64396 | E12: 20.662 | F12: 20.984 | G12: 22.813565
A13: 07/27/16 03:55:00 AM | C13: 25.501 | D13: 26.5489 | E13: 20.54 | F13: 20.889 | G13: 22.790405
A14: 07/27/16 04:00:00 AM | C14: 25.501 | D14: 26.5489 | E14: 20.548 | F14: 20.77 | G14: 22.744085
... A25: 07/27/16 04:55:00 AM | C25: 25.113 | D25: 26.35781 | E25: 20.652 | F25: 20.77 | G25: 22.37256
A26: 07/27/16 05:00:00 AM | B26: 0.20833333 | C26: 25.065 | D26: 26.35781 | E26: 20.601 | F26: 20.603 | G26: 22.32624
A27: 07/27/16 05:05:00 AM | C27: 25.04 | D27: 26.26275 | E27: 20.643 | F27: 20.388 | G27: 22.30308
A28: 07/27/16 05:10:00 AM | C28: 25.016 | D28: 26.26275 | E28: 20.814 | F28: 20.412 | G28: 22.25676
A29: 07/27/16 05:15:00 AM | C29: 24.968 | D29: 26.26275 | E29: 20.88 | F29: 20.579 | G29: 22.2336
A30: 07/27/16 05:20:00 AM | C30: 24.968 | D30: 26.26275 | E30: 20.971 | F30: 20.936 | G30: 22.21044
A31: 07/27/16 05:25:00 AM | C31: 24.944 | D31: 26.26275 | E31: 21.012 | F31: 20.889 | G31: 22.18728
A32: 07/27/16 05:30:00 AM | C32: 24.895 | D32: 26.26275 | E32: 20.936 | F32: 20.793 | G32: 22.16412
A33: 07/27/16 05:35:00 AM | C33: 24.871 | D33: 26.16769 | E33: 20.79 | F33: 20.793 | G33: 22.16412
A34: 07/27/16 05:40:00 AM | C34: 24.847 | D34: 26.16769 | E34: 20.632 | F34: 20.984 | G34: 22.14096
A35: 07/27/16 05:45:00 AM | C35: 24.798 | D35: 26.16769 | E35: 20.464 | F35: 20.984 | G35: 22.1178
A36: 07/27/16 05:50:00 AM | C36: 24.774 | D36: 26.16769 | E36: 20.405 | F36: 21.008 | G36: 22.1178
A37: 07/27/16 05:55:00 AM | C37: 24.726 | D37: 26.16769 | E37: 20.237 | F37: 20.793 | G37: 22.07148
A38: 07/27/16 06:00:00 AM | C38: 24.702 | D38: 26.07263 | E38: 20.201 | F38: 20.65 | G38: 22.04832
... A49: 07/27/16 06:55:00 AM | C49: 24.532 | D49: 25.88251 | E49: 21.194 | F49: 22.178 | G49: 21.933485
A50: 07/27/16 07:00:00 AM | B50: 0.29166667 | C50: 24.581 | D50: 25.88251 | E50: 21.4 | F50: 22.465 | G50: 21.97884
A51: 07/27/16 07:05:00 AM | C51: 24.581 | D51: 25.88251 | E51: 21.458 | F51: 22.609 | G51: 22.02516
A52: 07/27/16 07:10:00 AM | C52: 24.629 | D52: 25.88251 | E52: 21.592 | F52: 22.776 | G52: 22.07148
A53: 07/27/16 07:15:00 AM | C53: 24.653 | D53: 25.78745 | E53: 21.84 | F53: 22.92 | G53: 22.1178
A54: 07/27/16 07:20:00 AM | C54: 24.677 | D54: 25.78745 | E54: 23.475 | F54: 23.136 | G54: 22.18728
A55: 07/27/16 07:25:00 AM | C55: 24.726 | D55: 25.78745 | E55: 24.077 | F55: 23.689 | G55: 22.2336
A56: 07/27/16 07:30:00 AM | C56: 24.75 | D56: 25.78745 | E56: 24.523 | F56: 24.098 | G56: 22.30308
A57: 07/27/16 07:35:00 AM | C57: 24.774 | D57: 25.78745 | E57: 24.928 | F57: 24.508 | G57: 22.3494
A58: 07/27/16 07:40:00 AM | C58: 24.823 | D58: 25.78745 | E58: 25.374 | F58: 24.774 | G58: 22.41888
A59: 07/27/16 07:45:00 AM | C59: 24.847 | D59: 25.78745 | E59: 25.778 | F59: 25.186 | G59: 22.51152
A60: 07/27/16 07:50:00 AM | C60: 24.871 | D60: 25.69336 | E60: 26.182 | F60: 25.331 | G60: 22.581
A61: 07/27/16 07:55:00 AM | C61: 24.944 | D61: 25.69336 | E61: 26.634 | F61: 25.598 | G61: 22.697765
A62: 07/27/16 08:00:00 AM | C62: 25.016 | D62: 25.69336 | E62: 27.026 | F62: 26.549 | G62: 22.767245
... A73: 07/27/16 08:55:00 AM | C73: 25.525 | D73: 25.69336 | E73: 31.642 | F73: 28.692 | G73: 23.348175
A74: 07/27/16 09:00:00 AM | B74: 0.375 | C74: 25.55 | D74: 25.69336 | E74: 32.275 | F74: 28.667 | G74: 23.394495
A75: 07/27/16 09:05:00 AM | C75: 25.598 | D75: 25.69336 | E75: 32.733 | F75: 29.315 | G75: 23.463975
A76: 07/27/16 09:10:00 AM | C76: 25.623 | D76: 25.69336 | E76: 33.411 | F76: 29.79 | G76: 23.53442
A77: 07/27/16 09:15:00 AM | C77: 25.671 | D77: 25.69336 | E77: 33.409 | F77: 29.09 | G77: 23.58074
A78: 07/27/16 09:20:00 AM | C78: 25.695 | D78: 25.69336 | E78: 33.605 | F78: 29.14 | G78: 23.65022
A79: 07/27/16 09:25:00 AM | C79: 25.72 | D79: 25.69336 | E79: 34.158 | F79: 29.715 | G79: 23.720665
A80: 07/27/16 09:30:00 AM | C80: 25.744 | D80: 25.69336 | E80: 34.145 | F80: 29.865 | G80: 23.790145
A81: 07/27/16 09:35:00 AM | C81: 25.793 | D81: 25.69336 | E81: 34.775 | F81: 30.268 | G81: 23.86059
A82: 07/27/16 09:40:00 AM | C82: 25.841 | D82: 25.69336 | E82: 35.107 | F82: 30.571 | G82: 23.93007
A83: 07/27/16 09:45:00 AM | C83: 25.89 | D83: 25.69336 | E83: 35.71 | F83: 31.153 | G83: 24.000515
A84: 07/27/16 09:50:00 AM | C84: 25.914 | D84: 25.69336 | E84: 36.479 | F84: 31.893 | G84: 24.09412
A85: 07/27/16 09:55:00 AM | C85: 25.963 | D85: 25.69336 | E85: 36.943 | F85: 31.51 | G85: 24.187725
A86: 07/27/16 10:00:00 AM | C86: 26.012 | D86: 25.69336 | E86: 37.436 | F86: 31.944 | G86: 24.28133
... A97: 07/27/16 10:55:00 AM | C97: 26.524 | D97: 25.69336 | E97: 39.977 | F97: 32.846 | G97: 25.312915
A98: 07/27/16 11:00:00 AM | B98: 0.45833333 | C98: 26.573 | D98: 25.69336 | E98: 39.481 | F98: 32.691 | G98: 25.407485
A99: 07/27/16 11:05:00 AM | C99: 26.646 | D99: 25.69336 | E99: 39.66 | F99: 33.157 | G99: 25.525215
A100: 07/27/16 11:10:00 AM | C100: 26.695 | D100: 25.69336 | E100: 39.923 | F100: 33.001 | G100: 25.59566
A101: 07/27/16 11:15:00 AM | C101: 26.744 | D101: 25.69336 | E101: 39.575 | F101: 33.235 | G101: 25.737515
A102: 07/27/16 11:20:00 AM | C102: 26.793 | D102: 25.69336 | E102: 39.943 | F102: 33.235 | G102: 25.855245
A103: 07/27/16 11:25:00 AM | C103: 26.842 | D103: 25.69336 | E103: 40.761 | F103: 34.255 | G103: 25.949815
A104: 07/27/16 11:30:00 AM | C104: 26.891 | D104: 25.69336 | E104: 41.921 | F104: 35.075 | G104: 26.044385
A105: 07/27/16 11:35:00 AM | C105: 26.94 | D105: 25.69336 | E105: 41.801 | F105: 34.413 | G105: 26.138955
A106: 07/27/16 11:40:00 AM | C106: 27.014 | D106: 25.69336 | E106: 42.11 | F106: 35.262 | G106: 26.25765
A107: 07/27/16 11:45:00 AM | C107: 27.063 | D107: 25.78745 | E107: 42.591 | F107: 35.743 | G107: 26.35222
A108: 07/27/16 11:50:00 AM | C108: 27.112 | D108: 25.78745 | E108: 43.501 | F108: 36.661 | G108: 26.49504
A109: 07/27/16 11:55:00 AM | C109: 27.186 | D109: 25.78745 | E109: 43.824 | F109: 36.146 | G109: 26.58961
A110: 07/27/16 12:00:00 PM | C110: 27.235 | D110: 25.78745 | E110: 43.077 | F110: 34.677 | G110: 26.73243
... A121: 07/27/16 12:55:00 PM | C121: 27.875 | D121: 25.88251 | E121: 43.695 | F121: 37.453 | G121: 27.97535
A122: 07/27/16 01:00:00 PM | B122: 0.54166667 | C122: 27.924 | D122: 25.88251 | E122: 42.383 | F122: 36.092 | G122: 28.07185
A123: 07/27/16 01:05:00 PM | C123: 27.998 | D123: 25.88251 | E123: 43.971 | F123: 37.949 | G123: 28.144225
A124: 07/27/16 01:10:00 PM | C124: 28.048 | D124: 25.88251 | E124: 43.441 | F124: 37.206 | G124: 28.240725
A125: 07/27/16 01:15:00 PM | C125: 28.097 | D125: 25.88251 | E125: 43.271 | F125: 36.851 | G125: 28.337225
A126: 07/27/16 01:20:00 PM | C126: 28.171 | D126: 25.88251 | E126: 43.128 | F126: 36.987 | G126: 28.43276
A127: 07/27/16 01:25:00 PM | C127: 28.196 | D127: 25.97757 | E127: 43.742 | F127: 37.755 | G127: 28.530225
A128: 07/27/16 01:30:00 PM | C128: 28.27 | D128: 25.97757 | E128: 42.938 | F128: 37.37 | G128: 28.6026
A129: 07/27/16 01:35:00 PM | C129: 28.32 | D129: 25.97757 | E129: 43.275 | F129: 37.151 | G129: 28.723225
A130: 07/27/16 01:40:00 PM | C130: 28.394 | D130: 25.97757 | E130: 42.899 | F130: 37.618 | G130: 28.819725
A131: 07/27/16 01:45:00 PM | C131: 28.419 | D131: 25.97757 | E131: 43.246 | F131: 37.508 | G131: 28.91719
A132: 07/27/16 01:50:00 PM | C132: 28.468 | D132: 25.97757 | E132: 42.755 | F132: 37.783 | G132: 28.989565
A133: 07/27/16 01:55:00 PM | C133: 28.518 | D133: 25.97757 | E133: 43.275 | F133: 38.254 | G133: 29.062905
A134: 07/27/16 02:00:00 PM | C134: 28.593 | D134: 25.97757 | E134: 43.446 | F134: 38.476 | G134: 29.159405
... A145: 07/27/16 02:55:00 PM | C145: 29.09 | D145: 26.16769 | E145: 41.369 | F145: 36.579 | G145: 30.161075
A146: 07/27/16 03:00:00 PM | B146: 0.625 | C146: 29.14 | D146: 26.16769 | E146: 41.841 | F146: 37.976 | G146: 30.234415
A147: 07/27/16 03:05:00 PM | C147: 29.19 | D147: 26.16769 | E147: 41.557 | F147: 36.96 | G147: 30.332845
A148: 07/27/16 03:10:00 PM | C148: 29.215 | D148: 26.16769 | E148: 41.13 | F148: 37.48 | G148: 30.431275
A149: 07/27/16 03:15:00 PM | C149: 29.265 | D149: 26.16769 | E149: 41.051 | F149: 37.425 | G149: 30.48049
A150: 07/27/16 03:20:00 PM | C150: 29.29 | D150: 26.26275 | E150: 40.864 | F150: 37.343 | G150: 30.554795
A151: 07/27/16 03:25:00 PM | C151: 29.315 | D151: 26.26275 | E151: 40.895 | F151: 37.535 | G151: 30.60401
A152: 07/27/16 03:30:00 PM | C152: 29.34 | D152: 26.26275 | E152: 40.236 | F152: 37.233 | G152: 30.678315
A153: 07/27/16 03:35:00 PM | C153: 29.365 | D153: 26.26275 | E153: 40.069 | F153: 36.987 | G153: 30.75262
A154: 07/27/16 03:40:00 PM | C154: 29.389 | D154: 26.26275 | E154: 40.036 | F154: 37.343 | G154: 30.801835
A155: 07/27/16 03:45:00 PM | C155: 29.414 | D155: 26.26275 | E155: 40.401 | F155: 37.783 | G155: 30.82596
A156: 07/27/16 03:50:00 PM | C156: 29.439 | D156: 26.26275 | E156: 39.509 | F156: 36.552 | G156: 30.87614
A157: 07/27/16 03:55:00 PM | C157: 29.464 | D157: 26.35781 | E157: 39.863 | F157: 37.453 | G157: 30.900265
A158: 07/27/16 04:00:00 PM | C158: 29.464 | D158: 26.35781 | E158: 39.361 | F158: 37.233 | G158: 30.950445
... A169: 07/27/16 04:55:00 PM | C169: 29.59 | D169: 26.45384 | E169: 30.514 | F169: 35.609 | G169: 31.19845
A170: 07/27/16 05:00:00 PM | B170: 0.70833333 | C170: 29.565 | D170: 26.45384 | E170: 30.139 | F170: 37.069 | G170: 31.19845
...

Sheet FIG.7. ALUM+WAHE (DATA)
A1: DATE | C1: INDOOR | D1: WATER | E1: ALUM. INSIDE | F1: POND OUTLET | G1: OUTDOOR | H1: CONTROL CELL
A2: 42651.125 | B2: 0.125 | C2: 23.593 | D2: 23.225 | E2: 16.12 | F2: 22.929 | G2: 17.082 | H2: 20.43623
A3: 42651.128 | C3: 23.569 | D3: 23.21 | E3: 16.086 | F3: 22.911 | G3: 16.939 | H3: 20.3631
A4: 42651.132 | C4: 23.545 | D4: 23.193 | E4: 15.953 | F4: 22.893 | G4: 16.868 | H4: 20.28894
A5: 42651.135 | C5: 23.521 | D5: 23.163 | E5: 15.877 | F5: 22.877 | G5: 16.868 | H5: 20.21581
A6: 42651.139 | C6: 23.497 | D6: 23.148 | E6: 15.863 | F6: 22.857 | G6: 16.63 | H6: 20.16637
A7: 42651.142 | C7: 23.448 | D7: 23.109 | E7: 15.752 | F7: 22.838 | G7: 16.558 | H7: 20.09324
A8: 42651.146 | C8: 23.424 | D8: 23.094 | E8: 15.676 | F8: 22.818 | G8: 16.439 | H8: 20.01908
A9: 42651.149 | C9: 23.424 | D9: 23.085 | E9: 15.582 | F9: 22.799 | G9: 16.272 | H9: 19.94595
A10: 42651.153 | C10: 23.4 | D10: 23.063 | E10: 15.572 | F10: 22.778 | G10: 16.106 | H10: 19.87282
A11: 42651.156 | C11: 23.376 | D11: 23.057 | E11: 15.53 | F11: 22.758 | G11: 16.034 | H11: 19.82338
A12: 42651.16 | C12: 23.352 | D12: 23.027 | E12: 15.418 | F12: 22.738 | G12: 15.939 | H12: 19.72553
A13: 42651.163 | C13: 23.328 | D13: 23.009 | E13: 15.4 | F13: 22.718 | G13: 16.129 | H13: 19.6524
A14: 42651.167 | C14: 23.304 | D14: 22.982 | E14: 15.412 | F14: 22.7 | G14: 16.058 | H14: 19.60296
... A25: 42651.205 | C25: 23.04 | D25: 22.803 | E25: 14.792 | F25: 22.505 | G25: 15.7 | H25: 19.01483
A26: 42651.208 | B26: 0.20833333 | C26: 23.016 | D26: 22.788 | E26: 14.768 | F26: 22.488 | G26: 15.652 | H26: 18.96642
A27: 42651.212 | C27: 22.992 | D27: 22.773 | E27: 14.728 | F27: 22.468 | G27: 15.629 | H27: 18.91698
A28: 42651.215 | C28: 22.968 | D28: 22.751 | E28: 14.707 | F28: 22.452 | G28: 15.748 | H28: 18.86857
A29: 42651.219 | C29: 22.944 | D29: 22.736 | E29: 14.782 | F29: 22.432 | G29: 15.581 | H29: 18.81913
A30: 42651.222 | C30: 22.92 | D30: 22.715 | E30: 14.738 | F30: 22.414 | G30: 15.533 | H30: 18.77072
A31: 42651.226 | C31: 22.896 | D31: 22.697 | E31: 14.646 | F31: 22.399 | G31: 15.7 | H31: 18.72128
A32: 42651.229 | C32: 22.872 | D32: 22.684 | E32: 14.655 | F32: 22.383 | G32: 15.748 | H32: 18.69656
A33: 42651.233 | C33: 22.848 | D33: 22.667 | E33: 14.65 | F33: 22.365 | G33: 15.509 | H33: 18.64815
A34: 42651.236 | C34: 22.848 | D34: 22.648 | E34: 14.586 | F34: 22.348 | G34: 15.39 | H34: 18.62343
A35: 42651.24 | C35: 22.824 | D35: 22.631 | E35: 14.71 | F35: 22.332 | G35: 15.342 | H35: 18.57399
A36: 42651.243 | C36: 22.8 | D36: 22.61 | E36: 14.604 | F36: 22.314 | G36: 15.461 | H36: 18.52558
A37: 42651.247 | C37: 22.776 | D37: 22.595 | E37: 14.55 | F37: 22.298 | G37: 15.342 | H37: 18.47614
A38: 42651.25 | C38: 22.753 | D38: 22.582 | E38: 14.438 | F38: 22.277 | G38: 15.27 | H38: 18.45245
... A49: 42651.288 | C49: 22.561 | D49: 22.381 | E49: 15.575 | F49: 22.12 | G49: 16.058 | H49: 18.18259
A50: 42651.292 | B50: 0.29166667 | C50: 22.561 | D50: 22.368 | E50: 15.743 | F50: 22.114 | G50: 16.32 | H50: 18.18259
A51: 42651.295 | C51: 22.561 | D51: 22.357 | E51: 16.099 | F51: 22.108 | G51: 16.677 | H51: 18.23203
A52: 42651.299 | C52: 22.537 | D52: 22.338 | E52: 16.442 | F52: 22.103 | G52: 16.987 | H52: 18.28044
A53: 42651.302 | C53: 22.537 | D53: 22.332 | E53: 16.738 | F53: 22.103 | G53: 17.344 | H53: 18.32988
A54: 42651.306 | C54: 22.537 | D54: 22.311 | E54: 17.66 | F54: 22.105 | G54: 17.701 | H54: 18.40301
A55: 42651.309 | C55: 22.537 | D55: 22.298 | E55: 18.488 | F55: 22.109 | G55: 18.247 | H55: 18.47614
A56: 42651.312 | C56: 22.537 | D56: 22.284 | E56: 18.687 | F56: 22.111 | G56: 18.319 | H56: 18.57399
A57: 42651.316 | C57: 22.537 | D57: 22.272 | E57: 18.787 | F57: 22.108 | G57: 18.2 | H57: 18.64815
A58: 42651.319 | C58: 22.537 | D58: 22.26 | E58: 18.727 | F58: 22.108 | G58: 18.343 | H58: 18.72128
A59: 42651.323 | C59: 22.537 | D59: 22.257 | E59: 19.401 | F59: 22.105 | G59: 18.438 | H59: 18.81913
A60: 42651.326 | C60: 22.537 | D60: 22.251 | E60: 19.933 | F60: 22.106 | G60: 18.557 | H60: 18.86857
A61: 42651.33 | C61: 22.537 | D61: 22.247 | E61: 20.604 | F61: 22.105 | G61: 18.675 | H61: 18.96642
A62: 42651.333 | C62: 22.537 | D62: 22.245 | E62: 21.018 | F62: 22.105 | G62: 18.937 | H62: 19.01483
... A73: 42651.372 | C73: 22.657 | D73: 22.132 | E73: 25.732 | F73: 22.233 | G73: 21.175 | H73: 19.60296
A74: 42651.375 | B74: 0.375 | C74: 22.657 | D74: 22.126 | E74: 26.535 | F74: 22.269 | G74: 21.748 | H74: 19.67609
A75: 42651.378 | C75: 22.657 | D75: 22.121 | E75: 25.383 | F75: 22.304 | G75: 21.557 | H75: 19.72553
A76: 42651.382 | C76: 22.705 | D76: 22.115 | E76: 24.98 | F76: 22.32 | G76: 21.963 | H76: 19.77497
A77: 42651.385 | C77: 22.729 | D77: 22.111 | E77: 24.557 | F77: 22.336 | G77: 22.082 | H77: 19.82338
A78: 42651.389 | C78: 22.753 | D78: 22.106 | E78: 27.588 | F78: 22.372 | G78: 22.609 | H78: 19.89754
A79: 42651.392 | C79: 22.8 | D79: 22.102 | E79: 28.219 | F79: 22.426 | G79: 22.513 | H79: 19.99539
A80: 42651.396 | C80: 22.824 | D80: 22.099 | E80: 29.095 | F80: 22.474 | G80: 23.16 | H80: 20.06852
A81: 42651.399 | C81: 22.848 | D81: 22.096 | E81: 29.385 | F81: 22.519 | G81: 22.92 | H81: 20.14165
A82: 42651.403 | C82: 22.896 | D82: 22.093 | E82: 29.402 | F82: 22.561 | G82: 22.705 | H82: 20.21581
A83: 42651.406 | C83: 22.944 | D83: 22.09 | E83: 30.642 | F83: 22.594 | G83: 24.291 | H83: 20.31366
A84: 42651.41 | C84: 22.968 | D84: 22.088 | E84: 30.909 | F84: 22.628 | G84: 23.713 | H84: 20.38679
A85: 42651.413 | C85: 23.016 | D85: 22.085 | E85: 31.599 | F85: 22.657 | G85: 25.234 | H85: 20.48464
A86: 42651.417 | C86: 23.04 | D86: 22.084 | E86: 31.555 | F86: 22.69 | G86: 23.545 | H86: 20.58352
... A97: 42651.455 | C97: 23.521 | D97: 22.096 | E97: 35.832 | F97: 22.961 | G97: 27.038 | H97: 21.68768
A98: 42651.458 | B98: 0.45833333 | C98: 23.569 | D98: 22.099 | E98: 36.003 | F98: 22.982 | G98: 26.989 | H98: 21.78553
A99: 42651.462 | C99: 23.593 | D99: 22.103 | E99: 35.882 | F99: 23.004 | G99: 27.038 | H99: 21.88338
A100: 42651.465 | C100: 23.641 | D100: 22.108 | E100: 36.941 | F100: 23.016 | G100: 28.766 | H100: 21.98226
A101: 42651.469 | C101: 23.689 | D101: 22.112 | E101: 37.819 | F101: 23.051 | G101: 28.841 | H101: 22.10483
A102: 42651.472 | C102: 23.713 | D102: 22.117 | E102: 38.126 | F102: 23.088 | G102: 28.543 | H102: 22.22843
A103: 42651.476 | C103: 23.785 | D103: 22.123 | E103: 37.611 | F103: 23.118 | G103: 27.825 | H103: 22.32628
A104: 42651.479 | C104: 23.809 | D104: 22.129 | E104: 37.756 | F104: 23.133 | G104: 28.766 | H104: 22.44885
A105: 42651.483 | C105: 23.857 | D105: 22.136 | E105: 38.035 | F105: 23.153 | G105: 28.717 | H105: 22.54773
A106: 42651.486 | C106: 23.905 | D106: 22.142 | E106: 38.926 | F106: 23.174 | G106: 30.016 | H106: 22.69502
A107: 42651.49 | C107: 23.954 | D107: 22.15 | E107: 39.442 | F107: 23.214 | G107: 31.077 | H107: 22.7939
A108: 42651.493 | C108: 24.002 | D108: 22.157 | E108: 38.765 | F108: 23.244 | G108: 29.49 | H108: 22.9175
A109: 42651.497 | C109: 24.05 | D109: 22.164 | E109: 38.942 | F109: 23.265 | G109: 30.444 | H109: 23.04007
A110: 42651.5 | C110: 24.098 | D110: 22.172 | E110: 39.202 | F110: 23.285 | G110: 29.64 | H110: 23.13895
... A121: 42651.538 | C121: 24.629 | D121: 22.275 | E121: 38.601 | F121: 23.6 | G121: 30.925 | H121: 24.32551
A122: 42651.542 | B122: 0.54166667 | C122: 24.653 | D122: 22.287 | E122: 40 | F122: 23.621 | G122: 32.587 | H122: 24.44911
A123: 42651.545 | C123: 24.702 | D123: 22.298 | E123: 40.141 | F123: 23.644 | G123: 31.919 | H123: 24.54799
A124: 42651.549 | C124: 24.75 | D124: 22.309 | E124: 38.775 | F124: 23.678 | G124: 31.459 | H124: 24.67262
A125: 42651.552 | C125: 24.774 | D125: 22.321 | E125: 39.347 | F125: 23.698 | G125: 31.868 | H125: 24.74678
A126: 42651.556 | C126: 24.823 | D126: 22.333 | E126: 39.435 | F126: 23.72 | G126: 32.613 | H126: 24.84566
A127: 42651.559 | C127: 24.895 | D127: 22.345 | E127: 38.816 | F127: 23.755 | G127: 31.97 | H127: 24.92085
A128: 42651.562 | C128: 24.919 | D128: 22.357 | E128: 39.248 | F128: 23.784 | G128: 32.253 | H128: 25.04445
A129: 42651.566 | C129: 24.968 | D129: 22.371 | E129: 38.966 | F129: 23.812 | G129: 32.201 | H129: 25.14436
A130: 42651.569 | C130: 25.016 | D130: 22.384 | E130: 39.547 | F130: 23.835 | G130: 33.027 | H130: 25.24324
A131: 42651.573 | C131: 25.065 | D131: 22.396 | E131: 38.73 | F131: 23.868 | G131: 32.924 | H131: 25.34315
A132: 42651.576 | C132: 25.113 | D132: 22.41 | E132: 39.524 | F132: 23.886 | G132: 33.704 | H132: 25.44306
A133: 42651.58 | C133: 25.137 | D133: 22.423 | E133: 38.765 | F133: 23.913 | G133: 32.098 | H133: 25.51722
A134: 42651.583 | C134: 25.162 | D134: 22.437 | E134: 38.512 | F134: 23.93 | G134: 31.996 | H134: 25.61713
... A145: 42651.622 | C145: 25.477 | D145: 22.592 | E145: 36.95 | F145: 24.18 | G145: 33.835 | H145: 26.59151
A146: 42651.625 | B146: 0.625 | C146: 25.501 | D146: 22.606 | E146: 37.211 | F146: 24.189 | G146: 34.019 | H146: 26.6667
A147: 42651.628 | C147: 25.525 | D147: 22.621 | E147: 37.496 | F147: 24.202 | G147: 34.598 | H147: 26.74189
A148: 42651.632 | C148: 25.55 | D148: 22.636 | E148: 36.809 | F148: 24.235 | G148: 33.157 | H148: 26.86755
A149: 42651.635 | C149: 25.55 | D149: 22.652 | E149: 36.532 | F149: 24.258 | G149: 32.872 | H149: 26.96746
A150: 42651.639 | C150: 25.574 | D150: 22.667 | E150: 36.461 | F150: 24.282 | G150: 32.742 | H150: 27.04368
A151: 42651.642 | C151: 25.574 | D151: 22.682 | E151: 36.666 | F151: 24.293 | G151: 35.049 | H151: 27.11887
A152: 42651.646 | C152: 25.598 | D152: 22.697 | E152: 35.661 | F152: 24.318 | G152: 32.381 | H152: 27.19406
A153: 42651.649 | C153: 25.598 | D153: 22.712 | E153: 35.646 | F153: 24.332 | G153: 33.704 | H153: 27.26925
A154: 42651.653 | C154: 25.623 | D154: 22.729 | E154: 35.577 | F154: 24.335 | G154: 33.365 | H154: 27.31972
A155: 42651.656 | C155: 25.623 | D155: 22.745 | E155: 35.345 | F155: 24.344 | G155: 33.079 | H155: 27.37019
A156: 42651.66 | C156: 25.623 | D156: 22.761 | E156: 34.931 | F156: 24.362 | G156: 32.82 | H156: 27.42066
A157: 42651.663 | C157: 25.647 | D157: 22.776 | E157: 34.496 | F157: 24.379 | G157: 32.51 | H157: 27.47113
A158: 42651.667 | C158: 25.623 | D158: 22.793 | E158: 34.575 | F158: 24.377 | G158: 33.209 | H158: 27.5216
... A169: 42651.705 | C169: 25.598 | D169: 22.965 | E169: 24.972 | F169: 24.374 | G169: 31.179 | H169: 28.00158
A170: 42651.708 | B170: 0.70833333 | C170: 25.598 | D170: 22.982 | E170: 24.847 | F170: 24.382 | G170: 30.976 | H170: 28.0263
...

Sheet FIG.9. ALUM+WAHE+SPRAY (DATA)
A1: DATE | C1: INDOOR | D1: WATER | E1: ALUM. INSIDE | F1: POND OUTLET | G1: OUTDOOR | H1: CONTROL CELL
A2: 08/15/16 03:00:00 AM | B2: 0.125 | C2: 27.801 | D2: 27.765 | E2: 26.642 | F2: 27.602 | G2: 20.817 | H2: 23.713
A3: 08/15/16 03:05:00 AM | C3: 27.776 | D3: 27.753 | E3: 26.532 | F3: 27.588 | G3: 20.746 | H3: 23.665
A4: 08/15/16 03:10:00 AM | C4: 27.751 | D4: 27.738 | E4: 26.642 | F4: 27.571 | G4: 20.698 | H4: 23.593
A5: 08/15/16 03:15:00 AM | C5: 27.727 | D5: 27.728 | E5: 26.656 | F5: 27.554 | G5: 20.579 | H5: 23.545
A6: 08/15/16 03:20:00 AM | C6: 27.702 | D6: 27.71 | E6: 26.648 | F6: 27.539 | G6: 20.603 | H6: 23.497
A7: 08/15/16 03:25:00 AM | C7: 27.702 | D7: 27.694 | E7: 26.356 | F7: 27.522 | G7: 20.436 | H7: 23.424
A8: 08/15/16 03:30:00 AM | C8: 27.677 | D8: 27.681 | E8: 26.564 | F8: 27.502 | G8: 20.341 | H8: 23.352
A9: 08/15/16 03:35:00 AM | C9: 27.653 | D9: 27.671 | E9: 26.454 | F9: 27.484 | G9: 20.198 | H9: 23.28
A10: 08/15/16 03:40:00 AM | C10: 27.653 | D10: 27.664 | E10: 26.359 | F10: 27.465 | G10: 20.246 | H10: 23.208
A11: 08/15/16 03:45:00 AM | C11: 27.628 | D11: 27.648 | E11: 26.515 | F11: 27.444 | G11: 20.365 | H11: 23.184
A12: 08/15/16 03:50:00 AM | C12: 27.604 | D12: 27.633 | E12: 26.396 | F12: 27.433 | G12: 20.198 | H12: 23.136
A13: 08/15/16 03:55:00 AM | C13: 27.579 | D13: 27.619 | E13: 26.469 | F13: 27.418 | G13: 20.341 | H13: 23.064
A14: 08/15/16 04:00:00 AM | C14: 27.554 | D14: 27.597 | E14: 26.459 | F14: 27.402 | G14: 20.222 | H14: 23.016
... A25: 08/15/16 04:55:00 AM | C25: 27.358 | D25: 27.444 | E25: 26.343 | F25: 27.225 | G25: 19.936 | H25: 22.489
A26: 08/15/16 05:00:00 AM | B26: 0.20833333 | C26: 27.333 | D26: 27.43 | E26: 26.329 | F26: 27.209 | G26: 19.722 | H26: 22.441
A27: 08/15/16 05:05:00 AM | C27: 27.308 | D27: 27.407 | E27: 26.268 | F27: 27.193 | G27: 19.77 | H27: 22.393
A28: 08/15/16 05:10:00 AM | C28: 27.308 | D28: 27.388 | E28: 26.204 | F28: 27.175 | G28: 19.532 | H28: 22.345
A29: 08/15/16 05:15:00 AM | C29: 27.284 | D29: 27.378 | E29: 26.158 | F29: 27.158 | G29: 19.46 | H29: 22.298
A30: 08/15/16 05:20:00 AM | C30: 27.259 | D30: 27.365 | E30: 25.91 | F30: 27.141 | G30: 19.318 | H30: 22.25
A31: 08/15/16 05:25:00 AM | C31: 27.259 | D31: 27.353 | E31: 26.007 | F31: 27.123 | G31: 19.365 | H31: 22.202
A32: 08/15/16 05:30:00 AM | C32: 27.235 | D32: 27.333 | E32: 26.048 | F32: 27.106 | G32: 19.413 | H32: 22.154
A33: 08/15/16 05:35:00 AM | C33: 27.21 | D33: 27.319 | E33: 26.027 | F33: 27.089 | G33: 19.413 | H33: 22.106
A34: 08/15/16 05:40:00 AM | C34: 27.186 | D34: 27.307 | E34: 25.729 | F34: 27.069 | G34: 19.365 | H34: 22.058
A35: 08/15/16 05:45:00 AM | C35: 27.161 | D35: 27.29 | E35: 25.989 | F35: 27.052 | G35: 19.77 | H35: 22.011
A36: 08/15/16 05:50:00 AM | C36: 27.161 | D36: 27.27 | E36: 26.186 | F36: 27.034 | G36: 19.555 | H36: 21.987
A37: 08/15/16 05:55:00 AM | C37: 27.112 | D37: 27.253 | E37: 25.803 | F37: 27.017 | G37: 19.341 | H37: 21.939
A38: 08/15/16 06:00:00 AM | C38: 27.112 | D38: 27.239 | E38: 25.924 | F38: 27.003 | G38: 19.246 | H38: 21.891
... A49: 08/15/16 06:55:00 AM | C49: 26.94 | D49: 27.077 | E49: 25.954 | F49: 26.87 | G49: 21.008 | H49: 21.748
A50: 08/15/16 07:00:00 AM | B50: 0.29166667 | C50: 26.916 | D50: 27.063 | E50: 26.12 | F50: 26.868 | G50: 21.413 | H50: 21.795
A51: 08/15/16 07:05:00 AM | C51: 26.916 | D51: 27.049 | E51: 25.875 | F51: 26.867 | G51: 21.987 | H51: 21.867
A52: 08/15/16 07:10:00 AM | C52: 26.916 | D52: 27.035 | E52: 26.062 | F52: 26.867 | G52: 22.321 | H52: 21.939
A53: 08/15/16 07:15:00 AM | C53: 26.916 | D53: 27.025 | E53: 26.038 | F53: 26.868 | G53: 22.705 | H53: 22.034
A54: 08/15/16 07:20:00 AM | C54: 26.916 | D54: 27.011 | E54: 26.43 | F54: 26.873 | G54: 23.352 | H54: 22.13
A55: 08/15/16 07:25:00 AM | C55: 26.916 | D55: 27.002 | E55: 26.659 | F55: 26.879 | G55: 24.243 | H55: 22.226
A56: 08/15/16 07:30:00 AM | C56: 26.94 | D56: 26.991 | E56: 26.775 | F56: 26.89 | G56: 24.726 | H56: 22.321
A57: 08/15/16 07:35:00 AM | C57: 26.94 | D57: 26.982 | E57: 26.861 | F57: 26.905 | G57: 25.234 | H57: 22.465
A58: 08/15/16 07:40:00 AM | C58: 26.94 | D58: 26.977 | E58: 26.969 | F58: 26.923 | G58: 25.744 | H58: 22.585
A59: 08/15/16 07:45:00 AM | C59: 26.965 | D59: 26.972 | E59: 27.018 | F59: 26.943 | G59: 26.256 | H59: 22.705
A60: 08/15/16 07:50:00 AM | C60: 26.965 | D60: 26.969 | E60: 27.12 | F60: 26.968 | G60: 26.891 | H60: 22.824
A61: 08/15/16 07:55:00 AM | C61: 26.989 | D61: 26.969 | E61: 27.225 | F61: 26.994 | G61: 27.382 | H61: 22.944
A62: 08/15/16 08:00:00 AM | C62: 26.989 | D62: 26.971 | E62: 27.311 | F62: 27.028 | G62: 27.677 | H62: 23.112
... A73: 08/15/16 08:55:00 AM | C73: 27.259 | D73: 26.922 | E73: 33.618 | F73: 27.571 | G73: 31.179 | H73: 23.809
A74: 08/15/16 09:00:00 AM | B74: 0.375 | C74: 27.308 | D74: 26.922 | E74: 33.785 | F74: 27.625 | G74: 31.765 | H74: 23.881
A75: 08/15/16 09:05:00 AM | C75: 27.333 | D75: 26.922 | E75: 34.389 | F75: 27.654 | G75: 31.893 | H75: 23.954
A76: 08/15/16 09:10:00 AM | C76: 27.382 | D76: 26.922 | E76: 35.154 | F76: 27.702 | G76: 32.201 | H76: 24.05
A77: 08/15/16 09:15:00 AM | C77: 27.431 | D77: 26.923 | E77: 35.626 | F77: 27.755 | G77: 32.278 | H77: 24.122
A78: 08/15/16 09:20:00 AM | C78: 27.481 | D78: 26.925 | E78: 36.295 | F78: 27.804 | G78: 33.053 | H78: 24.219
A79: 08/15/16 09:25:00 AM | C79: 27.505 | D79: 26.926 | E79: 36.459 | F79: 27.864 | G79: 33.469 | H79: 24.315
A80: 08/15/16 09:30:00 AM | C80: 27.554 | D80: 26.93 | E80: 37.251 | F80: 27.903 | G80: 34.045 | H80: 24.412
A81: 08/15/16 09:35:00 AM | C81: 27.604 | D81: 26.931 | E81: 37.479 | F81: 27.93 | G81: 34.44 | H81: 24.508
A82: 08/15/16 09:40:00 AM | C82: 27.653 | D82: 26.936 | E82: 38.207 | F82: 27.967 | G82: 34.44 | H82: 24.605
A83: 08/15/16 09:45:00 AM | C83: 27.702 | D83: 26.939 | E83: 38.632 | F83: 28.015 | G83: 34.176 | H83: 24.702
A84: 08/15/16 09:50:00 AM | C84: 27.776 | D84: 26.943 | E84: 38.74 | F84: 28.072 | G84: 33.131 | H84: 24.823
A85: 08/15/16 09:55:00 AM | C85: 27.825 | D85: 26.948 | E85: 39.202 | F85: 28.108 | G85: 35.155 | H85: 24.944
A86: 08/15/16 10:00:00 AM | C86: 27.875 | D86: 26.953 | E86: 39.765 | F86: 28.136 | G86: 35.395 | H86: 25.065
... A97: 08/15/16 10:55:00 AM | C97: 28.518 | D97: 27.038 | E97: 42.526 | F97: 28.397 | G97: 35.288 | H97: 26.426
A98: 08/15/16 11:00:00 AM | B98: 0.45833333 | C98: 28.593 | D98: 27.049 | E98: 42.906 | F98: 28.396 | G98: 36.661 | H98: 26.549
A99: 08/15/16 11:05:00 AM | C99: 28.642 | D99: 27.06 | E99: 42.839 | F99: 28.407 | G99: 36.227 | H99: 26.671
A100: 08/15/16 11:10:00 AM | C100: 28.692 | D100: 27.072 | E100: 42.613 | F100: 28.453 | G100: 36.389 | H100: 26.818
A101: 08/15/16 11:15:00 AM | C101: 28.742 | D101: 27.084 | E101: 42.843 | F101: 28.478 | G101: 36.2 | H101: 26.916
A102: 08/15/16 11:20:00 AM | C102: 28.791 | D102: 27.097 | E102: 43.495 | F102: 28.484 | G102: 37.261 | H102: 27.038
A103: 08/15/16 11:25:00 AM | C103: 28.866 | D103: 27.11 | E103: 43.805 | F103: 28.512 | G103: 37.535 | H103: 27.161
A104: 08/15/16 11:30:00 AM | C104: 28.916 | D104: 27.124 | E104: 43.35 | F104: 28.551 | G104: 36.308 | H104: 27.308
A105: 08/15/16 11:35:00 AM | C105: 28.99 | D105: 27.138 | E105: 43.885 | F105: 28.58 | G105: 37.233 | H105: 27.456
A106: 08/15/16 11:40:00 AM | C106: 29.04 | D106: 27.153 | E106: 43.626 | F106: 28.631 | G106: 36.417 | H106: 27.579
A107: 08/15/16 11:45:00 AM | C107: 29.09 | D107: 27.169 | E107: 44.143 | F107: 28.65 | G107: 37.673 | H107: 27.702
A108: 08/15/16 11:50:00 AM | C108: 29.165 | D108: 27.184 | E108: 43.579 | F108: 28.69 | G108: 36.878 | H108: 27.825
A109: 08/15/16 11:55:00 AM | C109: 29.215 | D109: 27.201 | E109: 44.24 | F109: 28.711 | G109: 37.921 | H109: 27.974
A110: 08/15/16 12:00:00 PM | C110: 29.265 | D110: 27.218 | E110: 44.467 | F110: 28.738 | G110: 38.532 | H110: 28.097
... A121: 08/15/16 12:55:00 PM | C121: 29.84 | D121: 27.421 | E121: 44.749 | F121: 29.17 | G121: 38.728 | H121: 29.265
A122: 08/15/16 01:00:00 PM | B122: 0.54166667 | C122: 29.89 | D122: 27.439 | E122: 45.274 | F122: 29.171 | G122: 39.403 | H122: 29.389
A123: 08/15/16 01:05:00 PM | C123: 29.941 | D123: 27.459 | E123: 45.737 | F123: 29.191 | G123: 40.314 | H123: 29.49
A124: 08/15/16 01:10:00 PM | C124: 29.991 | D124: 27.481 | E124: 46.159 | F124: 29.229 | G124: 39.715 | H124: 29.615
A125: 08/15/16 01:15:00 PM | C125: 30.041 | D125: 27.502 | E125: 45.544 | F125: 29.304 | G125: 39.205 | H125: 29.715
A126: 08/15/16 01:20:00 PM | C126: 30.091 | D126: 27.522 | E126: 45.007 | F126: 29.388 | G126: 38.98 | H126: 29.84
A127: 08/15/16 01:25:00 PM | C127: 30.142 | D127: 27.545 | E127: 45.873 | F127: 29.374 | G127: 41.443 | H127: 29.916
A128: 08/15/16 01:30:00 PM | C128: 30.192 | D128: 27.567 | E128: 45.415 | F128: 29.432 | G128: 39.943 | H128: 30.016
A129: 08/15/16 01:35:00 PM | C129: 30.268 | D129: 27.59 | E129: 45.915 | F129: 29.427 | G129: 42.297 | H129: 30.117
A130: 08/15/16 01:40:00 PM | C130: 30.293 | D130: 27.611 | E130: 46.37 | F130: 29.455 | G130: 42.267 | H130: 30.217
A131: 08/15/16 01:45:00 PM | C131: 30.369 | D131: 27.634 | E131: 46.612 | F131: 29.499 | G131: 41.972 | H131: 30.318
A132: 08/15/16 01:50:00 PM | C132: 30.419 | D132: 27.659 | E132: 46.208 | F132: 29.535 | G132: 42.983 | H132: 30.444
A133: 08/15/16 01:55:00 PM | C133: 30.469 | D133: 27.682 | E133: 46.554 | F133: 29.574 | G133: 42.863 | H133: 30.545
A134: 08/15/16 02:00:00 PM | C134: 30.52 | D134: 27.707 | E134: 46.58 | F134: 29.607 | G134: 43.465 | H134: 30.672
... A145: 08/15/16 02:55:00 PM | C145: 30.925 | D145: 27.987 | E145: 44.041 | F145: 30.018 | G145: 40.804 | H145: 31.765
A146: 08/15/16 03:00:00 PM | B146: 0.625 | C146: 30.95 | D146: 28.012 | E146: 43.422 | F146: 30.065 | G146: 40.286 | H146: 31.842
A147: 08/15/16 03:05:00 PM | C147: 30.95 | D147: 28.037 | E147: 42.852 | F147: 30.103 | G147: 40.804 | H147: 31.893
A148: 08/15/16 03:10:00 PM | C148: 30.976 | D148: 28.062 | E148: 43.759 | F148: 30.07 | G148: 41.678 | H148: 31.97
A149: 08/15/16 03:15:00 PM | C149: 30.976 | D149: 28.088 | E149: 43.569 | F149: 30.082 | G149: 41.736 | H149: 32.021
A150: 08/15/16 03:20:00 PM | C150: 30.976 | D150: 28.113 | E150: 44.074 | F150: 30.084 | G150: 43.495 | H150: 32.098
A151: 08/15/16 03:25:00 PM | C151: 31.001 | D151: 28.137 | E151: 43.1 | F151: 30.159 | G151: 41.152 | H151: 32.15
A152: 08/15/16 03:30:00 PM | C152: 31.001 | D152: 28.162 | E152: 42.83 | F152: 30.184 | G152: 41.239 | H152: 32.227
A153: 08/15/16 03:35:00 PM | C153: 31.026 | D153: 28.187 | E153: 42.714 | F153: 30.199 | G153: 41.502 | H153: 32.304
A154: 08/15/16 03:40:00 PM | C154: 31.026 | D154: 28.212 | E154: 42.147 | F154: 30.25 | G154: 40.544 | H154: 32.355
A155: 08/15/16 03:45:00 PM | C155: 31.052 | D155: 28.238 | E155: 41.77 | F155: 30.293 | G155: 40.429 | H155: 32.433
A156: 08/15/16 03:50:00 PM | C156: 31.077 | D156: 28.264 | E156: 41.616 | F156: 30.299 | G156: 40.028 | H156: 32.536
A157: 08/15/16 03:55:00 PM | C157: 31.077 | D157: 28.29 | E157: 41.196 | F157: 30.32 | G157: 40.516 | H157: 32.665
A158: 08/15/16 04:00:00 PM | C158: 31.103 | D158: 28.317 | E158: 40.727 | F158: 30.321 | G158: 40.429 | H158: 32.717
... A169: 08/15/16 04:55:00 PM | C169: 31.077 | D169: 28.599 | E169: 31.198 | F169: 30.227 | G169: 38.004 | H169: 33.157
A170: 08/15/16 05:00:00 PM | B170: 0.70833333 | C170: 31.052 | D170: 28.622 | E170: 30.77 | F170: 30.227 | G170: 38.226 | H170: 33.157
...

Sheet FIG.10-12. TDR (DATA)
A1: ALUM | B1: Tmax.amb | C1: Tmin.amb | D1: Tmax.cell | E1: ALUM+WAHE | F1: Daily swing
A2: SERIES 1 | B2: =MAX('FIG.6. ALUM (DATA)'!F2:F289) -> 39.318 | C2: =MIN('FIG.6. ALUM (DATA)'!F2:F289) -> 20.365 | D2: =MAX('FIG.6. ALUM (DATA)'!C2:C289) -> 29.59 | E2: =(B2-D2)/(B2-C2) -> 0.51326967 | F2: =B2-C2 -> 18.953
A3: SERIES 2 | B3: =MAX('FIG.6. ALUM (DATA)'!F290:F577) -> 38.087 | C3: =MIN('FIG.6. ALUM (DATA)'!F290:F577) -> 19.651 | D3: =MAX('FIG.6. ALUM (DATA)'!C290:C577) -> 28.816 | E3: =(B3-D3)/(B3-C3) -> 0.50287481 | F3: =B3-C3 -> 18.436
A4: SERIES 3 | B4: =MAX('FIG.6. ALUM (DATA)'!F578:F865) -> 38.421 | C4: =MIN('FIG.6. ALUM (DATA)'!F578:F865) -> 19.746 | D4: =MAX('FIG.6. ALUM (DATA)'!C578:C865) -> 28.791 | E4: =(B4-D4)/(B4-C4) -> 0.51566265 | F4: =B4-C4 -> 18.675
A5: SERIES 4 | B5: =MAX('FIG.6. ALUM (DATA)'!F866:F1154) -> 37.124 | C5: =MIN('FIG.6. ALUM (DATA)'!F866:F1154) -> 19.674 | D5: =MAX('FIG.6. ALUM (DATA)'!C866:C1154) -> 27.949 | E5: =(B5-D5)/(B5-C5) -> 0.52578797 | F5: =B5-C5 -> 17.45
A7: ALUM+WAHE | B7: Tmax.amb | C7: Tmin.amb | D7: Tmax.cell | E7: ALUM | F7: Daily swing
A8: SERIES 1 | B8: =MAX('FIG.7. ALUM+WAHE (DATA)'!G2:G289) -> 35.049 | C8: =MIN('FIG.7. ALUM+WAHE (DATA)'!G2:G289) -> 15.127 | D8: =MAX('FIG.7. ALUM+WAHE (DATA)'!C2:C289) -> 25.647 | E8: =(B8-D8)/(B8-C8) -> 0.47194057 | F8: =B8-C8 -> 19.922
A9: SERIES 2 | B9: =MAX('FIG.7. ALUM+WAHE (DATA)'!G290:G577) -> 35.155 | C9: =MIN('FIG.7. ALUM+WAHE (DATA)'!G290:G577) -> 14.768 | D9: =MAX('FIG.7. ALUM+WAHE (DATA)'!C290:C577) -> 25.793 | E9: =(B9-D9)/(B9-C9) -> 0.45921421 | F9: =B9-C9 -> 20.387
A10: SERIES 3 | B10: =MAX('FIG.7. ALUM+WAHE (DATA)'!G578:G865) -> 43.435 | C10: =MIN('FIG.7. ALUM+WAHE (DATA)'!G578:G865) -> 16.677 | D10: =MAX('FIG.7. ALUM+WAHE (DATA)'!C578:C865) -> 26.695 | E10: =(B10-D10)/(B10-C10) -> 0.6256073 | F10: =B10-C10 -> 26.758
A11: SERIES 4 | B11: =MAX('FIG.7. ALUM+WAHE (DATA)'!G866:G1154) -> 39.715 | C11: =MIN('FIG.7. ALUM+WAHE (DATA)'!G866:G1154) -> 17.32 | D11: =MAX('FIG.7. ALUM+WAHE (DATA)'!C866:C1154) -> 28.196 | E11: =(B11-D11)/(B11-C11) -> 0.51435588 | F11: =B11-C11 -> 22.395
A13: ALUM+WAHE+SP | B13: Tmax.amb | C13: Tmin.amb | D13: Tmax.cell | E13: ALUM+WAHE+SP | F13: Daily swing
A14: SERIES 1 | B14: =MAX('FIG.9. ALUM+WAHE+SPRAY (DATA)'!G2:G289) -> 43.768 | C14: =MIN('FIG.9. ALUM+WAHE+SPRAY (DATA)'!G2:G289) -> 17.32 | D14: =MAX('FIG.9. ALUM+WAHE+SPRAY (DATA)'!C2:C289) -> 31.153 | E14: =(B14-D14)/(B14-C14) -> 0.47697368 | F14: =B14-C14 -> 26.448
A15: SERIES 2 | B15: =MAX('FIG.9. ALUM+WAHE+SPRAY (DATA)'!G290:G577) -> 43.254 | C15: =MIN('FIG.9. ALUM+WAHE+SPRAY (DATA)'!G290:G577) -> 16.058 | D15: =MAX('FIG.9. ALUM+WAHE+SPRAY (DATA)'!C290:C577) -> 30.697 | E15: =(B15-D15)/(B15-C15) -> 0.46172231 | F15: =B15-C15 -> 27.196
A16: SERIES 3 | B16: =MAX('FIG.9. ALUM+WAHE+SPRAY (DATA)'!G578:G865) -> 39.658 | C16: =MIN('FIG.9. ALUM+WAHE+SPRAY (DATA)'!G578:G865) -> 15.223 | D16: =MAX('FIG.9. ALUM+WAHE+SPRAY (DATA)'!C578:C865) -> 30.142 | E16: =(B16-D16)/(B16-C16) -> 0.38944138 | F16: =B16-C16 -> 24.435
A17: SERIES 4 | B17: =MAX('FIG.9. ALUM+WAHE+SPRAY (DATA)'!G866:G1154) -> 39.943 | C17: =MIN('FIG.9. ALUM+WAHE+SPRAY (DATA)'!G866:G1154) -> 14.721 | D17: =MAX('FIG.9. ALUM+WAHE+SPRAY (DATA)'!C866:C1154) -> 29.815 | E17: =(B17-D17)/(B17-C17) -> 0.4015542 | F17: =B17-C17 -> 25.222
A19: INSU+WAHE | B19: Tmax.amb | C19: Tmin.amb | D19: Tmax.cell | E19: INSU+WAHE | F19: Daily swing
A20: SERIES 1 | B20: =MAX('FIG.5. INSU+WAHE (DATA)'!D2:D289) -> 36.146 | C20: =MIN('FIG.5. INSU+WAHE (DATA)'!D2:D289) -> 15.891 | D20: =MAX('FIG.5. INSU+WAHE (DATA)'!F2:F289) -> 23.738 | E20: =(B20-D20)/(B20-C20) -> 0.61258948 | F20: =B20-C20 -> 20.255
A21: SERIES 2 | B21: =MAX('FIG.5. INSU+WAHE (DATA)'!D290:D577) -> 35.315 | C21: =MIN('FIG.5. INSU+WAHE (DATA)'!D290:D577) -> 15.509 | D21: =MAX('FIG.5. INSU+WAHE (DATA)'!F290:F577) -> 22.259 | E21: =(B21-D21)/(B21-C21) -> 0.65919418 | F21: =B21-C21 -> 19.806
A22: SERIES 3 | B22: =MAX('FIG.5. INSU+WAHE (DATA)'!D578:D865) -> 37.315 | C22: =MIN('FIG.5. INSU+WAHE (DATA)'!D578:D865) -> 15.963 | D22: =MAX('FIG.5. INSU+WAHE (DATA)'!F578:F865) -> 22.659 | E22: =(B22-D22)/(B22-C22) -> 0.6863994 | F22: =B22-C22 -> 21.352
A23: SERIES 4 | B23: =MAX('FIG.5. INSU+WAHE (DATA)'!D866:D1154) -> 31.868 | C23: =MIN('FIG.5. INSU+WAHE (DATA)'!D866:D1154) -> 16.034 | D23: =MAX('FIG.5. INSU+WAHE (DATA)'!F866:F1154) -> 21.877 | E23: =(B23-D23)/(B23-C23) -> 0.63098396 | F23: =B23-C23 -> 15.834
A25: INSU | B25: Tmax.amb | C25: Tmin.amb | D25: Tmax.cell | E25: INSU | F25: Daily swing
A26: SERIES 1 | B26: =MAX('FIG.4. INSU (DATA)'!C2:C289) -> 40.631 | C26: =MIN('FIG.4. INSU (DATA)'!C2:C289) -> 18.319 | D26: =MAX('FIG.4. INSU (DATA)'!F2:F289) -> 28.608 | E26: =(B26-D26)/(B26-C26) -> 0.53885801 | F26: =B26-C26 -> 22.312
A27: SERIES 2 | B27: =MAX('FIG.4. INSU (DATA)'!C290:C577) -> 36.146 | C27: =MIN('FIG.4. INSU (DATA)'!C290:C577) -> 16.773 | D27: =MAX('FIG.4. INSU (DATA)'!F290:F577) -> 27.391 | E27: =(B27-D27)/(B27-C27) -> 0.45191762 | F27: =B27-C27 -> 19.373
A28: SERIES 3 | B28: =MAX('FIG.4. INSU (DATA)'!C578:C865) -> 34.15 | C28: =MIN('FIG.4. INSU (DATA)'!C578:C865) -> 18.604 | D28: =MAX('FIG.4. INSU (DATA)'!F578:F865) -> 26.683 | E28: =(B28-D28)/(B28-C28) -> 0.48031648 | F28: =B28-C28 -> 15.546
A29: SERIES 4 | B29: =MAX('FIG.4. INSU (DATA)'!C866:C1154) -> 32.51 | C29: =MIN('FIG.4. INSU (DATA)'!C866:C1154) -> 17.796 | D29: =MAX('FIG.4. INSU (DATA)'!F866:F1154) -> 25.022 | E29: =(B29-D29)/(B29-C29) -> 0.50890309 | F29: =B29-C29 -> 14.714
A31: CONTROL | B31: Tmax.amb | C31: Tmin.amb | D31: Tmax.cell | E31: CONTROL | F31: Daily swing
A32: SERIES 1 | B32: 35.049 | C32: 15.127 | D32: 28.05205 | E32: =(B32-D32)/(B32-C32) -> 0.35121725 | F32: =B32-C32 -> 19.922
A33: SERIES 2 | B33: 35.155 | C33: 14.768 | D33: 27.97583 | E33: =(B33-D33)/(B33-C33) -> 0.3521445 | F33: =B33-C33 -> 20.387
A34: SERIES 3 | B34: 43.435 | C34: 16.677 | D34: 29.09235 | E34: =(B34-D34)/(B34-C34) -> 0.53601353 | F34: =B34-C34 -> 26.758
A35: SERIES 4 | B35: 39.715 | C35: 17.32 | D35: 30.99373 | E35: =(B35-D35)/(B35-C35) -> 0.38942934 | F35: =B35-C35 -> 22.395
A36: SERIES 1 | B36: 36.146 | C36: 15.891 | D36: 28.642 | E36: =(B36-D36)/(B36-C36) -> 0.37047643 | F36: =B36-C36 -> 20.255
A37: SERIES 2 | B37: 35.315 | C37: 15.509 | D37: 28.048 | E37: =(B37-D37)/(B37-C37) -> 0.36690902 | F37: =B37-C37 -> 19.806
A38: SERIES 3 | B38: 37.315 | C38: 15.963 | D38: 28.667 | E38: =(B38-D38)/(B38-C38) -> 0.40502061 | F38: =B38-C38 -> 21.352
A39: SERIES 4 | B39: 31.868 | C39: 16.034 | D39: 26.842 | E39: =(B39-D39)/(B39-C39) -> 0.31741821 | F39: =B39-C39 -> 15.834

Sheet FIG.14. PIPE LENGTH (DATA)
A1: Air velocity | B1: Pipe diameter | C1: Pipe length (m)
A2: (m/s) | B2: (m) | C2: (m)
C3: 5 | D3: 10 | E3: 15 | F3: 20 | G3: 25 | H3: 30 | I3: 35 | J3: 40 | K3: 45 | L3: 50
A4: 1 m/s | B4: .1 | C4: 28.42319 | D4: 45.257768 | E4: 52.340754 | F4: 54.884491 | G4: 55.745018 | H4: 56.030184 | I4: 56.124036 | J4: 56.154854 | K4: 56.164966 | L4: 56.168283
B5: .15 | C5: 41.673102 | D5: 75.17285 | E5: 97.68665 | F5: 111.05513 | G5: 118.41701 | H5: 122.3036 | I5: 124.30982 | J5: 125.33338 | K5: 125.85249 | L5: 126.11496
B6: .2 | C6: 53.42172 | D6: 101.12638 | E6: 139.60763 | F6: 168.18204 | G6: 188.12191 | H6: 201.44062 | I6: 210.07868 | J6: 215.57453 | K6: 219.02861 | L6: 221.18277
B7: .25 | C7: 64.360235 | D7: 124.53486 | E7: 177.3606 | F7: 221.23036 | G7: 256.01336 | H7: 282.59258 | I7: 302.33579 | J7: 316.69479 | K7: 326.97833 | L7: 334.26218
B8: .3 | C8: 74.743346 | D8: 146.2888 | E8: 211.9633 | F8: 269.97044 | G8: 319.48767 | H8: 360.54187 | I8: 393.76384 | J8: 420.1241 | K8: 440.71527 | L8: 456.60431
A10: 2 m/s | B10: .1 | C10: 48.976308 | D10: 82.308548 | E10: 99.501859 | F10: 107.11593 | G10: 110.25853 | H10: 111.51768 | I10: 112.01616 | J10: 112.21257 | K10: 112.28981 | L10: 112.32016
B11: .15 | C11: 70.641357 | D11: 131.04712 | E11: 176.16326 | F11: 206.56927 | G11: 225.6684 | H11: 237.13974 | I11: 243.84514 | J11: 247.70265 | K11: 249.90147 | L11: 251.14824
B12: .2 | C12: 90.053148 | D12: 173.15223 | E12: 244.33723 | F12: 301.53278 | G12: 345.16886 | H12: 377.16269 | I12: 399.94318 | J12: 415.82726 | K12: 426.74159 | L12: 434.1658
B13: .25 | C13: 108.20026 | D13: 211.38063 | E13: 305.41148 | F13: 387.62802 | G13: 456.95183 | H13: 513.63773 | I13: 558.83757 | J13: 594.16082 | K13: 621.33402 | L13: 641.98529
B14: .3 | C14: 125.47347 | D14: 247.14071 | E14: 361.64372 | F14: 466.41333 | G14: 559.83652 | H14: 641.24585 | I14: 710.77497 | J14: 769.14569 | K14: 817.44585 | L14: 856.93731
A16: 3 m/s | B16: .1 | C16: 66.46687 | D16: 115.03614 | E16: 142.99783 | F16: 156.93503 | G16: 163.38359 | H16: 166.26428 | I16: 167.5309 | J16: 168.08394 | K16: 168.32468 | L16: 168.42933
B17: .15 | C17: 95.049574 | D17: 178.85841 | E17: 244.94083 | F17: 292.60184 | G17: 324.81051 | H17: 345.63045 | I17: 358.70451 | J17: 366.76577 | K17: 371.68031 | L17: 374.65582
B18: .2 | C18: 120.83194 | D18: 234.13953 | E18: 334.16278 | F18: 417.85838 | G18: 484.81196 | H18: 536.47163 | I18: 575.23052 | J18: 603.70377 | K18: 624.29868 | L18: 639.02839
B19: .25 | C19: 144.98072 | D19: 284.56885 | E19: 414.14532 | F19: 530.41375 | G19: 631.60585 | H19: 717.36414 | I19: 788.41889 | J19: 846.19711 | K19: 892.46715 | L19: 929.06991
B20: .3 | C20: 168.0075 | D20: 331.94135 | E20: 488.11363 | F20: 633.53282 | G20: 766.08824 | H20: 884.59442 | I20: 988.71539 | J20: 1078.8099 | K20: 1155.7423 | L20: 1220.6963
A22: 4 m/s | B22: .1 | C22: 84.884019 | D22: 148.56316 | E22: 186.78614 | F22: 206.73758 | G22: 216.39579 | H22: 220.90052 | I22: 222.96511 | J22: 223.90374 | K22: 224.3289 | L22: 224.52117
B23: .15 | C23: 121.00593 | D23: 228.89708 | E23: 315.68829 | F23: 379.90706 | G23: 424.5444 | H23: 454.2395 | I23: 473.42202 | J23: 485.57933 | K23: 493.1913 | L23: 497.92118
B24: .2 | C24: 153.64246 | D24: 298.55912 | E24: 427.89989 | F24: 537.76974 | G24: 627.24709 | H24: 697.64821 | I24: 751.55283 | J24: 791.97257 | K24: 821.80821 | L24: 843.57672
B25: .25 | C25: 184.2337 | D25: 362.23238 | E25: 528.57742 | F25: 679.26594 | G25: 811.9695 | H25: 925.95859 | I25: 1021.7954 | J25: 1100.9286 | K25: 1165.301 | L25: 1217.0328
B26: .3 | C26: 213.40101 | D26: 422.10095 | E26: 621.80406 | F26: 808.95315 | G26: 980.93991 | H26: 1136.1746 | I26: 1274.0301 | J26: 1394.6961 | K26: 1498.9878 | L26: 1588.1457
A28: 5 m/s | B28: .1 | C28: 101.44573 | D28: 179.47487 | E28: 228.23693 | F28: 254.86788 | G28: 268.34999 | H28: 274.91362 | I28: 278.0482 | J28: 279.53142 | K28: 280.23019 | L28: 280.5587
B29: .15 | C29: 144.18098 | D29: 274.09271 | E29: 380.60602 | F29: 461.38092 | G29: 519.08609 | H29: 558.57446 | I29: 584.80767 | J29: 601.89366 | K29: 612.87898 | L29: 619.88329
B30: .2 | C30: 182.86646 | D30: 356.29216 | E30: 512.6902 | F30: 647.45796 | G30: 759.10774 | H30: 848.62977 | I30: 918.54628 | J30: 972.0376 | K30: 1012.321 | L30: 1042.2982
B31: .25 | C31: 219.1493 | D31: 431.57153 | E31: 631.34102 | F31: 813.94016 | G31: 976.55394 | H31: 1118.0449 | I31: 1238.69 | J31: 1339.7978 | K31: 1423.312 | L31: 1491.4715
B32: .3 | C32: 253.75104 | D32: 502.43839 | E32: 741.39468 | F32: 966.68092 | G32: 1175.3077 | H32: 1365.3259 | I32: 1535.796 | J32: 1686.6654 | K32: 1818.5906 | L32: 1932.742
